	Drug_use_number	Disease_number_within_Drug_Use	Disease_ratio_within_Drug_Use	p	expected_disease_ratio	odds_ratio	odds_ratio_ci_lower	odds_ratio_ci_higher	disease	drug	corrected_df	upmost_disease_parent	is_represented_by_children_diseases
638	93	15	0.16129032258064516	1.3940403351001093e-05	5.0578947368421066	3.434278350515464	1.9578449732743453	6.024107092143363	pylosten	hydroxocobalamine	0.000996738839596578	digestiv	False
783	209	23	0.11004784688995216	1.065630633541543e-07	7.982051282051282	3.3011373035566582	2.1037268412787364	5.180096238306943	hydronep	omeprazol	1.5238518059644065e-05	urinary	False
814	209	13	0.062200956937799035	0.0005155597244453162	4.964102564102563	2.8638412420182795	1.5995897010879658	5.1273064923501765	uretatrsten	omeprazol	0.024575013531893404	urinary	False
